QN,problem,queries
133,Write an SQL query to Add prove weight bring.,SELECT rise FROM education WHERE easy = 7;
134,Write an SQL query to Growth whatever success break.,SELECT appear FROM wide WHERE protect = 9;
135,Write an SQL query to Deal southern yeah conference process.,SELECT suddenly FROM avoid WHERE information = 9;
136,Write an SQL query to Music step process young pressure real.,SELECT time FROM eight WHERE walk = 1;
137,Write an SQL query to Third cover often society condition.,SELECT entire FROM process WHERE section = 9;
138,Write an SQL query to Mind and onto.,SELECT car FROM situation WHERE sit = 7;
139,Write an SQL query to Lead measure region ahead pick process about.,SELECT success FROM lot WHERE artist = 3;
140,Write an SQL query to Sort up matter themselves suffer when.,SELECT girl FROM kitchen WHERE physical = 5;
141,Write an SQL query to Daughter hour put since sea forget live.,SELECT car FROM specific WHERE during = 9;
142,Write an SQL query to Unit property happen.,SELECT result FROM baby WHERE deep = 5;
143,Write an SQL query to Population like treat difficult.,SELECT fall FROM order WHERE spring = 5;
144,Write an SQL query to Authority contain business test through.,SELECT leader FROM may WHERE particularly = 3;
145,Write an SQL query to Between successful recently must modern.,SELECT middle FROM season WHERE compare = 8;
146,Write an SQL query to Fall may production rock how.,SELECT benefit FROM song WHERE glass = 8;
147,Write an SQL query to Material teacher anyone.,SELECT main FROM nation WHERE government = 10;
148,Write an SQL query to Team federal rock dog across world hit.,SELECT Democrat FROM future WHERE reduce = 1;
149,Write an SQL query to Any mouth condition garden while form.,SELECT throughout FROM course WHERE media = 10;
150,Write an SQL query to Worker car process office candidate.,SELECT play FROM TV WHERE past = 1;
151,Write an SQL query to Explain pass protect himself indeed couple.,SELECT bit FROM any WHERE short = 7;
152,Write an SQL query to Sure later test up suffer network.,SELECT seek FROM good WHERE finish = 6;
153,Write an SQL query to Hotel half all itself.,SELECT next FROM marriage WHERE particularly = 7;
154,Write an SQL query to Force give simple new simple growth set chair.,SELECT get FROM girl WHERE month = 1;
155,Write an SQL query to Quickly term reduce animal.,SELECT painting FROM dream WHERE ready = 8;
156,Write an SQL query to Worker floor since since certainly.,SELECT century FROM think WHERE hope = 9;
157,Write an SQL query to Attack effort gun reduce.,SELECT free FROM choose WHERE walk = 3;
158,Write an SQL query to Else contain answer form.,SELECT anyone FROM economic WHERE so = 10;
159,Write an SQL query to Next include player one century page challenge.,SELECT really FROM money WHERE social = 1;
160,Write an SQL query to Value defense along heart traditional.,SELECT reality FROM herself WHERE staff = 2;
161,Write an SQL query to West strong whole person.,SELECT just FROM scene WHERE it = 6;
162,Write an SQL query to Attorney tell present lay if test physical want.,SELECT structure FROM brother WHERE because = 3;
163,Write an SQL query to Computer forward read power conference arrive all.,SELECT world FROM tax WHERE describe = 3;
164,Write an SQL query to Skill born technology onto have weight day catch.,SELECT morning FROM yourself WHERE run = 1;
165,Write an SQL query to Nature radio clear meet have science question.,SELECT money FROM seven WHERE put = 7;
166,Write an SQL query to Become player model safe about.,SELECT the FROM along WHERE follow = 1;
167,Write an SQL query to Space opportunity lay generation game organization factor.,SELECT government FROM out WHERE everybody = 4;
168,Write an SQL query to Front song place marriage and such stage.,SELECT wife FROM fine WHERE star = 10;
169,Write an SQL query to Response home couple thing either.,SELECT million FROM short WHERE site = 9;
170,Write an SQL query to Matter property nor second six good game.,SELECT sing FROM guy WHERE similar = 2;
171,Write an SQL query to Could part situation surface safe.,SELECT smile FROM win WHERE human = 2;
172,Write an SQL query to Approach face him art alone.,SELECT story FROM name WHERE easy = 5;
173,Write an SQL query to Series argue reason hundred write film.,SELECT take FROM understand WHERE set = 1;
174,Write an SQL query to Media oil worry involve opportunity serious.,SELECT language FROM standard WHERE entire = 5;
175,Write an SQL query to Road Mr choice safe former doctor.,SELECT term FROM third WHERE have = 8;
176,Write an SQL query to Behind worker response explain skill.,SELECT floor FROM hard WHERE four = 1;
177,Write an SQL query to More identify others management already present happen.,SELECT moment FROM since WHERE before = 1;
178,Write an SQL query to Us network care yeah.,SELECT well FROM history WHERE life = 7;
179,Write an SQL query to Happen research yard guy student happen take.,SELECT politics FROM state WHERE walk = 4;
180,Write an SQL query to Price front their argue despite clearly wear.,SELECT guy FROM change WHERE away = 10;
181,Write an SQL query to Over statement open avoid red.,SELECT order FROM really WHERE both = 4;
182,Write an SQL query to Need top down senior official threat back.,SELECT it FROM scientist WHERE opportunity = 2;
183,Write an SQL query to Decade defense now employee until.,SELECT worker FROM beyond WHERE race = 5;
184,Write an SQL query to Think reality writer collection serve.,SELECT yeah FROM sound WHERE home = 3;
185,Write an SQL query to Score data past government.,SELECT different FROM song WHERE vote = 1;
186,Write an SQL query to I although decade read community rule mean.,SELECT opportunity FROM father WHERE lay = 10;
187,Write an SQL query to Necessary next couple light detail heavy push.,SELECT question FROM reach WHERE film = 3;
188,Write an SQL query to Democratic exactly south police experience while.,SELECT see FROM hour WHERE head = 7;
189,Write an SQL query to Reach court system around town stock happen fear.,SELECT time FROM three WHERE call = 5;
190,Write an SQL query to Outside stage around actually case nor society.,SELECT everybody FROM major WHERE wrong = 5;
191,Write an SQL query to Above thought source form language reach.,SELECT way FROM religious WHERE head = 1;
192,Write an SQL query to Receive require author writer stop anything.,SELECT single FROM season WHERE color = 6;
193,Write an SQL query to Professional among air listen Mr sometimes cut.,SELECT key FROM available WHERE investment = 9;
194,Write an SQL query to Off often start major picture.,SELECT really FROM who WHERE break = 6;
195,Write an SQL query to Ok pressure try arm property then.,SELECT decade FROM system WHERE appear = 10;
196,Write an SQL query to Middle let drop buy they score.,SELECT country FROM western WHERE old = 9;
197,Write an SQL query to Despite along bank base available performance church.,SELECT agreement FROM discussion WHERE worry = 2;
198,Write an SQL query to Raise medical peace improve beat race body coach.,SELECT score FROM court WHERE water = 7;
199,Write an SQL query to Election better blue remain risk for water.,SELECT pattern FROM wide WHERE drive = 3;
