username,firstname,lastname,registration_date
user_0,Shawn,Guerrero,2022-10-06 17:20:24.179980
user_1,Anne,Alvarado,2023-06-17 00:04:27.193690
user_2,John,Matthews,2022-10-22 07:38:25.870542
user_3,Kimberly,Powers,2021-12-05 09:48:01.615102
user_4,Austin,Durham,2022-07-31 10:52:18.954607
user_5,Carmen,Jones,2024-01-13 13:01:35.936334
user_6,Carolyn,Collins,2020-12-04 09:48:21.078350
user_7,Elaine,Hill,2022-06-18 12:16:02.010725
user_8,Susan,Norton,2022-06-09 11:25:01.132416
user_9,Crystal,Robertson,2020-06-18 18:16:00.069392
user_10,Randall,Harris,2022-04-13 15:42:10.849996
user_11,Jessica,Turner,2022-04-21 01:45:22.637620
user_12,Jonathan,Villarreal,2021-08-28 13:22:03.519104
user_13,Angela,Best,2022-04-02 03:30:32.178691
user_14,Jessica,Miller,2022-03-16 00:31:09.947571
user_15,Darrell,Lee,2022-07-16 16:52:05.445068
user_16,Robin,Travis,2021-09-13 15:39:34.165373
user_17,Benjamin,Douglas,2022-11-05 01:01:24.864343
user_18,Sarah,Fisher,2022-03-26 12:51:22.575799
user_19,Jessica,Reese,2024-09-20 01:18:56.218828
user_20,Katrina,Gentry,2023-01-13 18:11:38.335113
user_21,Mary,Wilson,2023-07-19 23:16:02.740294
user_22,Michael,Cameron,2022-01-15 15:48:46.983867
user_23,Heather,Osborn,2024-12-16 04:56:34.806981
user_24,Travis,Navarro,2020-09-25 00:11:38.204657
user_25,Rebecca,Freeman,2020-05-22 12:59:52.175841
user_26,Martin,Andrews,2020-03-03 13:56:13.341718
user_27,Jessica,Vasquez,2020-02-06 12:32:55.536489
user_28,Heather,Watts,2023-01-15 11:27:28.954833
user_29,Barbara,Hawkins,2022-04-18 20:18:29.151439
user_30,Sarah,Valencia,2020-01-25 18:07:03.874656
user_31,Robert,Davis,2022-08-10 05:37:49.656404
user_32,Matthew,Bernard,2020-07-21 07:42:06.999488
user_33,Angelica,Hickman,2023-01-24 08:22:30.466521
user_34,John,Hunter,2023-03-09 09:49:36.437331
user_35,Alexa,Waters,2021-04-22 12:09:49.906430
user_36,Tony,Anderson,2024-12-15 10:24:38.686924
user_37,Patrick,Hill,2021-12-31 15:05:32.007113
user_38,Jorge,Floyd,2023-04-23 22:00:26.423182
user_39,Alyssa,Price,2020-05-07 04:44:51.789305
user_40,Brian,Austin,2023-07-21 15:13:14.679822
user_41,Brian,Mitchell,2024-01-23 11:56:17.384656
user_42,Mitchell,Sanders,2021-02-16 00:42:50.970243
user_43,Andrew,Shields,2023-04-27 20:03:26.545798
user_44,Angela,Mayer,2020-03-13 09:53:21.749120
user_45,Heather,Peters,2023-04-04 15:45:23.192361
user_46,Christopher,Sharp,2021-12-14 07:43:57.767145
user_47,Tiffany,Lopez,2022-09-18 10:33:53.011765
user_48,Heather,Livingston,2021-10-11 03:11:49.580981
user_49,Marvin,Dennis,2024-06-23 20:28:41.000323
